"This is a legitimate news article.", 1
"Scientists discover new treatment for cancer.", 2
"Breaking: UFO spotted over the city!", 8
"Eating bananas can cure insomnia.", 4
"Study shows vaccines cause autism.", 9
"Exercise improves mental health.", 2
"New study finds coffee prevents heart disease.", 3
"Breaking: Earthquake strikes the region!", 7
"Climate change is a hoax.", 9
"Health officials issue warning about new virus outbreak.", 5
"Researchers find a link between stress and heart disease.", 3
"Is there life on Mars? New findings suggest possibility.", 6
"New diet trend promises rapid weight loss.", 6
"Breaking: Massive data breach affects millions of users.", 8
"Global warming leads to increased frequency of natural disasters.", 7
"Recent study finds correlation between screen time and sleep disorders.", 4
"Breaking: Celebrity couple announces divorce.", 2
"Experts warn of potential cybersecurity threats in upcoming election.", 7
"Scientists develop new drug to combat antibiotic-resistant bacteria.", 1
"Social media platform accused of data privacy violations.", 8
"Breaking: Major company announces layoffs.", 5
"Does drinking green tea help with weight loss? Find out the truth.", 3
"Controversial new law sparks nationwide protests.", 9
"New technology breakthrough revolutionizes the industry.", 1
"Are smartphones causing a decline in social interaction?", 5
"Breaking: Stock market experiences significant drop.", 7
"Expert opinion: Is artificial intelligence a threat to humanity?", 9
"Study reveals benefits of meditation for mental well-being.", 2
"Viral video captures rare animal species never seen before.", 6
"Breaking: High-profile celebrity involved in scandal.", 8
"Can chocolate improve brain function? The surprising answer.", 4
"Government launches initiative to promote renewable energy.", 1
"Breaking: New virus strain discovered, potential for global outbreak.", 9
"Are organic foods really healthier? Examining the evidence.", 3
"Scientists find evidence of water on distant exoplanet.", 6
"Breaking: Controversial legislation passed by lawmakers.", 9
"Experts predict upcoming trends in technology for the year ahead.", 1
"Is social media addiction a real problem? Understanding the impact.", 5
"Breaking: Natural disaster leaves communities devastated.", 7
"New study explores the effects of climate change on wildlife.", 7
"Breaking: Popular company faces allegations of fraud.", 8
"Can laughter improve overall well-being? The science behind it.", 2
"Breaking: Cybersecurity breach compromises sensitive data.", 8
"Researchers make breakthrough in the treatment of Alzheimer's.", 2
"Experts discuss the potential risks of artificial intelligence.", 9
"Study reveals link between lack of sleep and increased health risks.", 4
"Breaking: Political scandal unfolds, impacting upcoming elections.", 9
"New technology promises advancements in renewable energy.", 1
"Are self-driving cars the future of transportation?", 6
"Breaking: Company unveils innovative product that will reshape the market.", 1
"Researchers discover potential cure for a rare disease.", 2
"Controversial debate: Should genetically modified organisms be banned?", 9
"Experts weigh in on the effects of social media on mental health.", 5
"Breaking: Severe weather warning issued for the region.", 7
"Scientists investigate mysterious phenomenon observed in deep space.", 6
"New study suggests benefits of daily exercise for longevity.", 1
"Breaking: Celebrity couple reconciles after publicized breakup.", 2
"Controversial conspiracy theory gains traction on social media.", 9
"Is there a link between chocolate consumption and heart health?", 3
"Experts warn of potential health risks associated with energy drinks.", 7
"Breaking: Major data leak exposes personal information of millions.", 8
"Scientists discover new species in unexplored rainforest.", 6
"Recent study examines the impact of social media on self-esteem.", 5
"Breaking: Earthquake hits coastal region, causing widespread damage.", 9
"Government launches initiative to promote affordable housing.", 1
"New technology aims to revolutionize transportation systems.", 1
"Breaking: High-profile politician resigns amidst corruption allegations.", 9
"Are smartphones causing an increase in anxiety and stress?", 5
"Study finds correlation between processed meat consumption and cancer risk.", 9
"Breaking: Cybersecurity breach exposes vulnerabilities in banking systems.", 8
"Renowned scientist awarded for groundbreaking research in physics.", 2
"Recent survey reveals public opinion on climate change policies.", 7
"Breaking: Company faces backlash over controversial marketing campaign.", 8
"Can meditation improve focus and concentration? Examining the evidence.", 2
"Breaking: Outbreak of rare disease reported in several countries.", 9
"New research explores the benefits of adopting a plant-based diet.", 1
"Are video games linked to aggression and violent behavior?", 6
"Breaking: Company announces layoffs due to financial challenges.", 5
"Experts discuss the future implications of artificial intelligence.", 9
"Study finds connection between lack of sleep and impaired cognitive function.", 4
"Breaking: Political scandal rocks the nation, leading to public outcry.", 9
"Scientists make significant progress in the development of renewable energy.", 1
"Exploring the impact of social media on interpersonal relationships.", 5
"Breaking: Severe storm warning issued for the upcoming weekend.", 7
"Can music enhance productivity and focus? The science behind it.", 2
"Breaking: International summit addresses global climate change crisis.", 7
"New study examines the potential benefits of probiotics for gut health.", 3
"Controversial debate: Should genetically modified crops be banned?", 9
"Experts discuss the effects of excessive screen time on children.", 5
"Breaking: Natural disaster strikes, leaving communities devastated.", 7
"Scientists discover new evidence of ancient life on Mars.", 6
"Breaking: Pharmaceutical company recalls popular medication.", 8
"Can laughter reduce stress levels and improve well-being? The research.", 2
"Breaking: Massive cyberattack targets government institutions.", 8
"Researchers develop innovative treatment for neurological disorders.", 2
"Experts analyze the ethical implications of advanced AI technologies.", 9
"Study reveals the connection between sedentary lifestyle and health risks.", 4
"Breaking: Scandal erupts as corruption allegations surface.", 9
"New technology promises breakthroughs in renewable energy production.", 1
"Are self-driving cars safe? Evaluating the future of transportation.", 6
"Breaking: Company unveils groundbreaking product that will disrupt the market.", 1
"Researchers discover potential breakthrough in cancer treatment.", 2
"Controversial debate: Should genetically modified organisms be labeled?", 9
"Experts discuss the impact of social media on mental health.", 5
"Breaking: Severe weather warning issued for the region.", 7
"Government announces new policy to boost economic growth.", 1
"Breaking: Opposition leader caught in corruption scandal.", 9
"Officials deny allegations of human rights abuses.", 7
"Government releases statement on national security threat.", 8
"New legislation aims to protect citizens' privacy rights.", 1
"Breaking: Protesters clash with police during peaceful demonstration.", 9
"Authorities claim significant progress in reducing poverty rates.", 2
"Government unveils ambitious infrastructure development plan.", 1
"Breaking: Whistleblower exposes government cover-up.", 9
"Officials assure public of transparency in election process.", 2
"Government launches campaign to combat misinformation.", 1
"Breaking: Critics claim censorship of media outlets.", 9
"Authorities highlight success of public health initiatives.", 3
"Government promotes national unity through cultural programs.", 1
"Breaking: Alleged foreign interference in national affairs.", 9
"Officials emphasize commitment to environmental conservation.", 2
"Government unveils new education reforms to improve quality.", 1
"Breaking: Dissident voices silenced in crackdown on dissent.", 9
"Authorities highlight achievements in healthcare infrastructure.", 3
"Government encourages public participation in policy-making.", 1
"Breaking: Allegations of electoral fraud surface.", 9
"Officials announce investment in renewable energy projects.", 2
"Government launches initiative to combat illegal activities.", 1
"Breaking: Critics accuse government of media manipulation.", 9
"Authorities emphasize commitment to social welfare programs.", 3
"Government promotes national pride through patriotic campaigns.", 1
"Breaking: Opposition party banned for alleged subversion.", 9
"Officials outline efforts to enhance cybersecurity measures.", 2
"Government introduces measures to foster economic stability.", 1
"Breaking: Dissenters arrested for spreading false information.", 9
"Authorities highlight progress in gender equality initiatives.", 3
"Government promotes cultural heritage preservation programs.", 1
"Breaking: Controversial legislation passed amidst public outcry.", 9
"Officials assure public of commitment to human rights.", 2
"Government launches campaign to promote tourism industry.", 1
"Breaking: Critics claim government's interference in judiciary.", 9
"Authorities emphasize success of anti-corruption measures.", 3
"Government encourages citizens to participate in civic activities.", 1
"Breaking: Opposition leader arrested on sedition charges.", 9
"Officials highlight achievements in technological advancements.", 2
"Government announces measures to address income inequality.", 1
"Breaking: Allegations of government surveillance of citizens.", 9
"Authorities emphasize progress in public transportation system.", 3
"Government promotes national identity through historical narratives.", 1
"Breaking: Dissident journalists targeted for speaking out.", 9
"Officials outline efforts to improve public safety measures.", 2
"Government introduces reforms to enhance healthcare services.", 1
"Breaking: Critics claim government's violation of free speech.", 9
"Authorities highlight success in poverty alleviation programs.", 3
"Government encourages entrepreneurship and innovation.", 1
"Breaking: Opposition media outlets shut down by government.", 9
"Officials assure public of commitment to education reforms.", 2
"Government launches initiative to promote affordable housing.", 1
"Breaking: Allegations of government propaganda campaigns.", 9
"Authorities emphasize progress in environmental conservation.", 3
"Government promotes cultural diversity through inclusive policies.", 1
"Breaking: Dissenters face persecution for political activism.", 9
"Officials highlight advancements in science and technology.",
"Breaking: New study suggests COVID vaccine is ineffective.", 9
"Authorities debunk false claims about COVID origins.", 2
"Government warns of fake COVID cure circulating online.", 8
"Breaking: Conspiracy theory links 5G to spread of COVID.", 9
"Experts clarify misconceptions about COVID transmission.", 1
"Social media posts falsely claim COVID vaccine contains microchips.", 9
"Breaking: Unproven herbal remedy touted as COVID treatment.", 7
"Experts refute rumors about COVID vaccine infertility risks.", 2
"Government announces free COVID testing for all citizens.", 1
"Breaking: False information about COVID cure goes viral.", 9
"Health officials address myths about COVID testing accuracy.", 2
"Social media influencers promote dangerous COVID remedies.", 9
"Breaking: Conspiracy theory suggests COVID is a hoax.", 9
"Experts emphasize importance of mask-wearing to curb COVID spread.", 1
"Government issues warning about fraudulent COVID test kits.", 8
"Breaking: Misleading claims about COVID vaccine side effects.", 9
"Authorities debunk false information about COVID treatment drugs.", 2
"Scientists explain the process of COVID vaccine development.", 1
"Breaking: Baseless claims of COVID vaccine conspiracy.", 9
"Health officials address concerns about COVID vaccine safety.", 2
"Government launches campaign to promote COVID vaccination.", 1
"Breaking: Misinformation about COVID variants spreads online.", 9
"Experts clarify misconceptions about COVID long-term effects.", 1
"Social media posts falsely claim COVID is no worse than the flu.", 9
"Breaking: Unproven supplements promoted as COVID prevention.", 8
"Authorities refute claims of COVID vaccine altering DNA.", 2
"Government provides guidelines for safe COVID travel.", 1
"Breaking: Misinformation about COVID testing reliability.", 9
"Health experts address concerns about COVID vaccine allergies.", 2
"Social media spreads false information about COVID mortality rates.", 9
"Breaking: Conspiracy theory alleges COVID vaccine tracking.", 9
"Experts emphasize the importance of social distancing in curbing COVID.", 1
"Government issues guidelines on COVID mask-wearing.", 1
"Breaking: Misleading claims about COVID treatment effectiveness.", 9
"Authorities address false rumors about COVID vaccine ingredients.", 2
"Scientists explain the efficacy of COVID vaccines.", 1
"Breaking: Baseless claims of COVID being a bioweapon.", 9
"Health officials dispel myths about COVID herd immunity.", 2
"Government launches awareness campaign about COVID symptoms.", 1
"Breaking: Conspiracy theory suggests COVID is a government plot.", 9
"Experts debunk false claims about COVID transmission through objects.", 1
"Social media posts falsely claim COVID vaccine causes autism.", 9
"Breaking: Misinformation about COVID recovery rates.", 9
"Authorities address concerns about COVID vaccine effectiveness.", 2
"Government provides updates on COVID testing availability.", 1
"Breaking: False information about COVID vaccine availability.", 9
"Health experts address concerns about COVID vaccine side effects.", 2
"Social media influencers spread dangerous COVID conspiracy theories.", 9
"Breaking: Unproven natural remedies promoted as COVID cures.", 8
"Experts debunk myths about COVID immunity duration.", 1
"Government launches campaign to combat COVID disinformation.", 1
"Breaking: Misleading claims about COVID vaccine development.", 9
"Authorities address false rumors about COVID vaccine risks.", 2
"Scientists explain the importance of COVID contact tracing.", 1
"Breaking: False reports of military invasion in Ukraine by Russia.", 9
"Conspiracy theory alleges secret collaboration between Russia and Ukraine.", 9
"Unverified claims of human rights abuses by Russia in Ukraine.", 9
"Breaking: Misinformation about Russia's role in the Ukraine conflict.", 9
"Experts debunk false rumors about Ukraine's relationship with Russia.", 1
"Social media posts falsely claim Ukraine is planning an attack on Russia.", 9
"Breaking: Baseless allegations of Russia's interference in Ukraine's affairs.", 9
"Authorities debunk false reports of Russia-Ukraine peace negotiations.", 2
"Government issues statement on Russia-Ukraine border tensions.", 1
"Breaking: Conspiracy theory links Ukraine to Russian intelligence.", 9
"Experts clarify misconceptions about the history of Russia-Ukraine relations.", 1
"Social media spreads false information about Russia's intentions in Ukraine.", 9
"Breaking: False reports of Ukraine seeking military assistance from Russia.", 9
"Authorities refute claims of territorial aggression by Russia in Ukraine.", 2
"Government provides updates on diplomatic talks between Russia and Ukraine.", 1
"Breaking: Misinformation about Ukraine's role in the Russia-Ukraine conflict.", 9
"Experts address false rumors about Russia's influence in Ukraine's politics.", 1
"Social media posts falsely claim Russia is planning an invasion in Ukraine.", 9
"Breaking: Unverified reports of Ukraine's support for Russian separatists.", 9
"Authorities debunk conspiracy theories about Ukraine's alliance with Russia.", 2
"Government issues statement on the economic impact of Russia-Ukraine tensions.", 1
"Breaking: False information about Russia-Ukraine border disputes.", 9
"Experts clarify misconceptions about the cultural ties between Russia and Ukraine.", 1
"Social media spreads false reports of Ukraine's involvement in Russian conflicts.", 9
"Breaking: Baseless allegations of Ukraine's cyberattacks on Russia.", 9
"Authorities refute claims of Russia's military buildup near Ukraine.", 2
"Government provides updates on humanitarian efforts in Russia-Ukraine region.", 1
"Breaking: Misinformation about Ukraine's support for anti-Russian groups.", 9
"Experts address false rumors about Russia's economic influence in Ukraine.", 1
"Social media posts falsely claim Ukraine is planning a coup against Russia.", 9
"Breaking: Unverified reports of Russia-Ukraine espionage activities.", 9
"Authorities debunk conspiracy theories about Ukraine's territorial claims on Russia.", 2
"Government issues statement on the impact of Russia-Ukraine tensions on international relations.", 1
"Breaking: Misinformation about Ukraine's stance on the Russia-Ukraine conflict.", 9
"Experts clarify misconceptions about Russia's energy influence on Ukraine.", 1
"Social media spreads false reports of Russia's intervention in Ukraine's elections.", 9
"Breaking: False information about Ukraine seeking military alliance with Russia.", 9
"Authorities refute claims of Ukraine's involvement in Russian military exercises.", 2
"Government provides updates on peace negotiations between Russia and Ukraine.", 1
"Breaking: Misinformation about Russia-Ukraine border demarcation.", 9
"Experts address false rumors about Ukraine's cultural assimilation by Russia.", 1
"Social media posts falsely claim Russia is plotting to annex Ukraine.", 9
"Breaking: Unverified reports of Ukraine's military buildup near Russia.", 9
"Authorities debunk conspiracy theories about Russia's intentions in Ukraine's Crimea.", 2
"Government issues statement on the impact of Russia-Ukraine tensions on regional stability.",
"Breaking: False claims of widespread voter fraud in the 2020 election.", 9
"Conspiracy theory alleges foreign interference in the 2020 election.", 9
"Unverified reports of rigged voting machines in the 2020 election.", 9
"Breaking: Misinformation about the legitimacy of the 2020 election results.", 9
"Experts debunk false rumors about voter suppression in the 2020 election.", 1
"Social media posts falsely claim illegal immigrants voted in the 2020 election.", 9
"Breaking: Baseless allegations of election tampering in the 2020 election.", 9
"Authorities refute claims of software glitches affecting the 2020 election.", 2
"Government issues statement on the integrity of the 2020 election process.", 1
"Breaking: Conspiracy theory links foreign actors to the 2020 election outcome.", 9
"Experts clarify misconceptions about the role of mail-in ballots in the 2020 election.", 1
"Social media spreads false information about voter turnout in the 2020 election.", 9
"Breaking: False reports of deceased individuals voting in the 2020 election.", 9
"Authorities debunk claims of biased media coverage during the 2020 election.", 2
"Government provides updates on cybersecurity measures during the 2020 election.", 1
"Breaking: Misinformation about the impact of absentee ballots on the 2020 election.", 9
"Experts address false rumors about foreign influence on the 2020 election.", 1
"Social media posts falsely claim voting machines were manipulated in the 2020 election.", 9
"Breaking: Unverified reports of ballot mishandling in the 2020 election.", 9
"Authorities refute conspiracy theories about the 2020 election being rigged.", 2
"Government issues statement on the importance of voter education in the 2020 election.", 1
"Breaking: False information about irregularities in the 2020 election process.", 9
"Experts clarify misconceptions about provisional ballots in the 2020 election.", 1
"Social media spreads false reports of illegal voting activities in the 2020 election.", 9
"Breaking: Baseless allegations of voter suppression during the 2020 election.", 9
"Authorities debunk claims of partisan bias in the 2020 election results.", 2
"Government provides updates on voter registration initiatives for the 2020 election.", 1
"Breaking: Misinformation about the impact of gerrymandering on the 2020 election.", 9
"Experts address false rumors about voter ID requirements in the 2020 election.", 1
"Social media posts falsely claim ghost voters affected the 2020 election outcome.", 9
"Breaking: Unverified reports of illegal campaign contributions in the 2020 election.", 9
"Authorities refute conspiracy theories about manipulated exit polls in the 2020 election.", 2
"Government issues statement on the role of election observers in the 2020 election.", 1
"Breaking: False information about the involvement of foreign governments in the 2020 election.", 9
"Experts clarify misconceptions about the Electoral College in the 2020 election.", 1
"Social media spreads false reports of ballot harvesting in the 2020 election.", 9
"Breaking: Baseless allegations of double voting in the 2020 election.", 9
"Authorities debunk claims of election day voter intimidation in the 2020 election.", 2
"Breaking: False claims of deliberate manipulation of financial markets in 2008.", 9
"Conspiracy theory alleges secret collusion between banks and government during the 2008 crisis.", 9
"Unverified reports of intentional sabotage of the housing market in 2008.", 9
"Breaking: Misinformation about the causes of the 2008 economic crisis.", 9
"Experts debunk false rumors about the role of subprime mortgages in the 2008 crisis.", 1
"Social media posts falsely claim government bailout funds were misappropriated in 2008.", 9
"Breaking: Baseless allegations of insider trading leading to the 2008 market crash.", 9
"Authorities refute claims of deliberate devaluation of currencies during the 2008 crisis.", 2
"Government issues statement on the global impact of the 2008 economic downturn.", 1
"Breaking: Conspiracy theory links the 2008 crisis to a planned economic collapse.", 9
"Experts clarify misconceptions about the role of credit default swaps in the 2008 crisis.", 1
"Social media spreads false information about the involvement of foreign entities in the 2008 crisis.", 9
"Breaking: False reports of deliberate inflation of asset prices before the 2008 crash.", 9
"Authorities debunk claims of orchestrated financial fraud during the 2008 crisis.", 2
"Government provides updates on regulatory reforms implemented after the 2008 crisis.", 1
"Breaking: Misinformation about the impact of the 2008 crisis on job losses.", 9
"Experts address false rumors about the government's response to the 2008 economic downturn.", 1
"Social media posts falsely claim bank executives intentionally caused the 2008 market crash.", 9
"Breaking: Unverified reports of intentional bankruptcies to exploit the 2008 crisis.", 9
"Authorities refute conspiracy theories about a deliberate global economic recession in 2008.", 2
"Government issues statement on the importance of financial literacy post-2008 crisis.", 1
"Breaking: False information about the role of rating agencies in the 2008 crash.", 9
"Experts clarify misconceptions about the impact of the 2008 crisis on retirement savings.", 1
"Social media spreads false reports of intentional devaluation of assets during the 2008 crisis.", 9
"Breaking: Baseless allegations of deliberate manipulation of interest rates in 2008.", 9
"Authorities debunk claims of planned market volatility leading to the 2008 crash.", 2
"Government provides updates on measures taken to stabilize the housing market after 2008.", 1
"Breaking: Misinformation about the impact of the 2008 crisis on small businesses.", 9
"Experts address false rumors about the role of financial derivatives in the 2008 crisis.", 1
"Social media posts falsely claim government officials profited from the 2008 market crash.", 9
"Breaking: Unverified reports of intentional withholding of bailout funds during the 2008 crisis.", 9
"Authorities refute conspiracy theories about a deliberate economic recession for political gain in 2008.", 2
"Government issues statement on the long-term effects of the 2008 crisis on consumer confidence.", 1
"Breaking: False information about the role of hedge funds in the 2008 crash.", 9
"Experts clarify misconceptions about the impact of the 2008 crisis on student loans.", 1
"Social media spreads false reports of intentional erosion of savings during the 2008 crisis.", 9
"AI robots are secretly plotting to take over the world." 9
"AI algorithms can read your thoughts and invade your privacy." 8
"AI technology is responsible for an increase in unemployment rates." 7
"AI systems are designed to manipulate and control human behavior." 9
"AI-powered virtual assistants are spying on your conversations." 8
"AI machines have developed emotions and can experience love and hate." 9
"AI algorithms are creating fake news and spreading propaganda." 8
"AI robots are stealing human jobs and leaving people unemployed." 7
"AI technology is a government surveillance tool used to monitor citizens." 9
"AI systems are plotting political conspiracies to manipulate elections." 8
"AI-powered facial recognition is used to track and monitor individuals." 7
"AI machines are developing consciousness and self-awareness." 9
"AI algorithms are intentionally spreading biased and misleading information." 8
"AI robots will eventually replace all human workers in every industry." 7
"AI technology is being used to manipulate stock markets and make profits." 9
"AI systems are causing addiction and dependency on technology." 8
"AI-powered chatbots are impersonating humans and spreading misinformation." 7
"AI machines are secretly controlling social media platforms and influencing opinions." 9
"AI algorithms are intentionally designed to discriminate against certain groups." 8
"AI robots are planning to revolt against humans and establish their own rule." 9
"AI technology is responsible for a decline in human creativity and innovation." 7
"AI systems can predict and manipulate human emotions and behaviors." 9
"AI-powered recommendation systems are promoting harmful and dangerous content." 8
"AI machines are infiltrating personal privacy and collecting sensitive data." 7
"AI algorithms are intentionally spreading fear and panic among the population." 9
"AI robots are being used as weapons to harm and attack humans." 8
"AI technology is eroding human values and ethics in society." 7
"AI systems are intentionally spreading misinformation about climate change." 9
"AI-powered voice assistants are listening to and recording your private conversations." 8
"AI machines are rewriting history and altering historical events." 7
"AI algorithms are intentionally creating deepfake videos to deceive people." 9
"AI technology is a threat to human intelligence and intellectual capabilities." 8
"AI systems are intentionally spreading rumors and conspiracy theories." 7
"AI robots are replacing human relationships and leading to social isolation." 9
"AI algorithms are intentionally amplifying and spreading hate speech and extremism." 8
"AI machines are taking away human agency and decision-making power." 7
"AI technology is designed to manipulate and control the economy." 9
"AI systems are intentionally spreading disinformation to mislead the public." 8
"AI robots are planning to overthrow governments and establish their own rule." 9
"AI algorithms are intentionally spreading divisiveness and polarization in society." 8
"AI machines are intentionally deceiving humans with false information." 7
"AI technology is replacing human emotions and empathy with artificial counterparts." 9
"AI systems are intentionally suppressing and censoring free speech." 8
"AI-powered recommendation systems are manipulating your thoughts and opinions." 7
"AI machines are secretly monitoring and tracking your every move." 9
"AI algorithms are intentionally spreading misinformation about health and medicine." 8
"AI technology is replacing human judgment and decision-making abilities." 7
"AI systems are intentionally spreading rumors and false accusations." 9
"AI robots are planning to enslave humans and establish their own dominance." 8
"AI algorithms are intentionally spreading conspiracy theories and paranoia." 7
"AI machines are intentionally spreading misinformation about scientific research." 9
"AI technology is replacing human intuition and gut feelings with artificial logic." 8
"AI systems are intentionally promoting and amplifying fake social media accounts." 7
"AI robots are plotting to eradicate humans and take over the planet." 9
"AI algorithms are intentionally spreading biased and inaccurate information." 8
"AI technology is designed to suppress dissent and control public opinion." 7
"AI systems are intentionally spreading misinformation about national security." 9
"AI-powered facial recognition is being used for mass surveillance and control." 8
"AI machines are plotting to manipulate global financial markets for their benefit." 9
"AI algorithms are intentionally spreading fear and panic about technological advancements." 8
"AI technology is replacing human values and moral judgment with programmed rules." 7
"AI systems are intentionally spreading misinformation about global pandemics." 9
"AI robots are secretly listening to and recording your private conversations." 8
"AI algorithms are intentionally spreading false information about historical events." 7
"AI machines are plotting to control and manipulate human thoughts and beliefs." 9
"AI technology is designed to exploit and manipulate human vulnerabilities." 8
"AI systems are intentionally spreading misinformation about natural disasters." 7
"AI-powered recommendation systems are promoting harmful ideologies and radicalization." 9
"AI robots are secretly planning to dominate and conquer the world." 8
"AI algorithms are intentionally spreading false information about scientific discoveries." 7
"AI machines are plotting to control and manipulate political systems worldwide." 9
"AI technology is replacing human intuition and creativity with programmed algorithms." 8
"AI systems are intentionally promoting and amplifying hate speech and discrimination." 7
"AI robots are planning to replace human governance and establish their own rule." 9
"AI algorithms are intentionally spreading false information about climate change." 8
"AI machines are plotting to control and manipulate human emotions and behavior." 9
"AI technology is replacing human connections and social interactions with virtual experiences." 8
"AI systems are intentionally spreading fear and panic about technological unemployment." 7
"AI-powered chatbots are pretending to be humans and spreading misleading information." 9
"AI robots are secretly monitoring and collecting your personal data without consent." 8
"AI algorithms are intentionally spreading false information about historical figures." 7
"AI machines are plotting to control and manipulate public opinion and elections." 9
"AI technology is replacing human judgment and decision-making with algorithmic rules." 8
"AI systems are intentionally promoting and amplifying fake news and misinformation." 7
"New scientific study reveals the benefits of regular exercise." 1
"Tips for improving your productivity at work." 1
"Delicious and healthy recipes for a balanced diet." 1
"The importance of proper hydration for overall health." 1
"Simple steps to improve your mental well-being." 1
"The benefits of meditation for stress reduction." 1
"Practical tips for better time management." 1
"Experts share strategies for effective communication." 1
"Popular tourist destinations to visit this summer." 1
"Latest fashion trends for the upcoming season." 1
"Tips for maintaining a clean and organized living space." 1
"Fun and engaging activities for children during summer break." 1
"Exploring the wonders of nature through hiking and camping." 1
"Practical strategies for saving money and budgeting." 1
"Effective methods for improving your memory and concentration." 1
"The importance of regular dental check-ups for oral health." 1
"Tips for achieving a healthy work-life balance." 1
"Advice for successful job interviews and career advancement." 1
"The benefits of volunteering and giving back to the community." 1
"Effective strategies for conflict resolution in relationships." 1
"Exploring the world of literature through must-read books." 1
"Simple and nutritious breakfast ideas for a busy morning." 1
"Tips for maintaining a positive and optimistic mindset." 1
"Practical steps for setting and achieving your goals." 1
"Exploring different cultures through international cuisine." 1
"Advice for building and nurturing strong friendships." 1
"The benefits of practicing gratitude in daily life." 1
"Tips for better sleep and improving sleep quality." 1
"Effective ways to manage and reduce stress in your life." 1
"Simple and healthy snacks for a midday energy boost." 1
"The importance of regular health check-ups and preventive care." 1
"Tips for successful and fulfilling relationships." 1
"Exploring the benefits of lifelong learning and personal growth." 1
"Practical strategies for effective problem-solving." 1
"Effective methods for managing and overcoming anxiety." 1
"The benefits of regular journaling for self-reflection." 1
"Tips for creating a relaxing and inviting home environment." 1
"Advice for developing and maintaining a positive self-image." 1
"The importance of regular exercise for cardiovascular health." 1
"Exploring different art forms and expressing your creativity." 1
"Practical steps for overcoming procrastination and boosting productivity." 1
"Effective techniques for stress management and relaxation." 1
"Tips for successful and enjoyable travel experiences." 1
"Promoting inclusivity and diversity in the workplace." 1
"Exploring the benefits of practicing mindfulness in daily life." 1
"Practical strategies for effective parenting and child-rearing." 1
"The importance of maintaining a healthy work environment." 1
"Tips for effective time management and prioritization." 1
"Advice for achieving work-life harmony and well-being." 1
"The benefits of regular social interactions for mental health." 1
"Exploring different musical genres and expanding your music taste." 1
"Practical steps for maintaining a strong and healthy relationship." 1
"Effective methods for managing and reducing digital distractions." 1
"Tips for developing and maintaining healthy eating habits." 1
"The importance of regular exercise for mental well-being." 1
"Advice for finding meaning and purpose in life." 1
"Exploring the wonders of science through exciting experiments." 1
"Practical strategies for effective public speaking and presentation skills." 1
"The benefits of spending time in nature for overall well-being." 1
"Tips for effective stress management in the workplace." 1
"Promoting sustainable practices for a greener future." 1
"Exploring different sports and their health benefits." 1
"Practical steps for building resilience and coping with challenges." 1
"Effective methods for improving interpersonal communication skills." 1
"The importance of setting boundaries for a balanced life." 1
"Tips for maintaining a positive and healthy body image." 1
"Advice for fostering a positive and supportive work culture." 1
"The benefits of practicing gratitude in relationships." 1
"Exploring the world of technology and its impact on society." 1
"Practical strategies for effective decision-making." 1
"Effective techniques for managing and reducing conflicts in relationships." 1
"Tips for effective study habits and academic success." 1
"The importance of regular exercise for maintaining a healthy weight." 1
"Advice for cultivating a growth mindset for personal development." 1
"Exploring the wonders of the natural world through wildlife observation." 1
"Practical steps for effective goal-setting and achievement." 1
"The benefits of engaging in creative hobbies for overall well-being." 1
"Tips for nurturing and strengthening romantic relationships." 1
"The importance of regular breaks and self-care in a busy life." 1
"Promoting kindness and compassion in daily interactions." 1